videoId,textDisplay,textOriginal,authorDisplayName,authorProfileImageUrl,authorChannelUrl,authorChannelId,canRate,viewerRating,likeCount,publishedAt,updatedAt,parentId,commentId
1mGOWxLqcEk,"To me the most powerful threads in the score all feature the Rohan theme, with the hardangar-fiddle crying like a wounded animal committed to one last fight.","To me the most powerful threads in the score all feature the Rohan theme, with the hardangar-fiddle crying like a wounded animal committed to one last fight.",Eric Scoles,https://yt3.ggpht.com/ytc/AL5GRJV-MvmqYP1yBxZczzCD6IWQJSuRtZDEdqTMsOOX2Q=s48-c-k-c0x00ffffff-no-rj,http://www.youtube.com/channel/UCzOqQzacyHkeGXXnE2C4H2w,{'value': 'UCzOqQzacyHkeGXXnE2C4H2w'},True,none,0,2023-03-10T18:13:48Z,2023-03-10T18:13:48Z,,UgyUBbmap3ssOA3B_WN4AaABAg
1mGOWxLqcEk,CÃ³mo ves JehovÃ¡ a Ãngel ğŸ˜‡ğŸ¤£ğŸ˜ƒğŸ¤£ğŸ˜ƒğŸ¤£ atte ğŸ¤£ğŸ˜‚ Blanca ğŸ˜¸ğŸ˜ğŸ™‚ğŸ˜‰ğŸ˜ Esther ğŸ˜›ğŸ¤£ğŸ˜ƒğŸ¤£,CÃ³mo ves JehovÃ¡ a Ãngel ğŸ˜‡ğŸ¤£ğŸ˜ƒğŸ¤£ğŸ˜ƒğŸ¤£ atte ğŸ¤£ğŸ˜‚ Blanca ğŸ˜¸ğŸ˜ğŸ™‚ğŸ˜‰ğŸ˜ Esther ğŸ˜›ğŸ¤£ğŸ˜ƒğŸ¤£,Lazaro Hernandez,https://yt3.ggpht.com/ytc/AL5GRJUSmslgj51PCLy5jIOAw2RmX2B4RQTUknc9_jRiNArmiyroUxE3XSlCHRRO5xTx=s48-c-k-c0x00ffffff-no-rj,http://www.youtube.com/channel/UCeh6fzh0s0xQ4sEepqMw_Wg,{'value': 'UCeh6fzh0s0xQ4sEepqMw_Wg'},True,none,0,2023-03-07T19:07:27Z,2023-03-07T19:07:27Z,,Ugw42mgPSVL_FgSviNB4AaABAg
1mGOWxLqcEk,RohirovÃ© !!!!!!!!!!!!!!,RohirovÃ© !!!!!!!!!!!!!!,OndÅ™ej VlÃ¡Å¡ek,https://yt3.ggpht.com/ytc/AL5GRJXIjEQbLzichfEgf9oMP_SIwQ2Md3kVD3iMokcGewZZ9UeBaPMddhWvcloc081b=s48-c-k-c0x00ffffff-no-rj,http://www.youtube.com/channel/UCivYYozaUcG06xoTe_oFY2Q,{'value': 'UCivYYozaUcG06xoTe_oFY2Q'},True,none,0,2023-03-03T23:21:51Z,2023-03-03T23:21:51Z,,UgzXyLhB-Hux3o7GEWV4AaABAg
1mGOWxLqcEk,JehovÃ¡ nuestros hijos van a pelear por Ãngel ğŸ˜‡ğŸ¤£ğŸ¤£ğŸ˜‚ğŸ˜… si ğŸ¤ ğŸ˜ŠğŸ˜»ğŸ˜»ğŸ˜»ğŸ˜œ no ğŸ˜ğŸ˜‚ğŸ˜‚ğŸ˜ƒğŸ™‚ğŸ˜‚ğŸ˜‚ğŸ˜‚ atte ğŸ¤£ğŸ¤£ Blanca ğŸ¤£ğŸ¤£ğŸ˜‚ğŸ˜…ğŸ˜‚ Esther ğŸ˜œğŸ¤ªğŸ˜¸ğŸ˜ğŸ™‚ğŸ˜‰ğŸ˜ƒğŸ™‚ğŸ˜‚,JehovÃ¡ nuestros hijos van a pelear por Ãngel ğŸ˜‡ğŸ¤£ğŸ¤£ğŸ˜‚ğŸ˜… si ğŸ¤ ğŸ˜ŠğŸ˜»ğŸ˜»ğŸ˜»ğŸ˜œ no ğŸ˜ğŸ˜‚ğŸ˜‚ğŸ˜ƒğŸ™‚ğŸ˜‚ğŸ˜‚ğŸ˜‚ atte ğŸ¤£ğŸ¤£ Blanca ğŸ¤£ğŸ¤£ğŸ˜‚ğŸ˜…ğŸ˜‚ Esther ğŸ˜œğŸ¤ªğŸ˜¸ğŸ˜ğŸ™‚ğŸ˜‰ğŸ˜ƒğŸ™‚ğŸ˜‚,Lazaro Hernandez,https://yt3.ggpht.com/ytc/AL5GRJUSmslgj51PCLy5jIOAw2RmX2B4RQTUknc9_jRiNArmiyroUxE3XSlCHRRO5xTx=s48-c-k-c0x00ffffff-no-rj,http://www.youtube.com/channel/UCeh6fzh0s0xQ4sEepqMw_Wg,{'value': 'UCeh6fzh0s0xQ4sEepqMw_Wg'},True,none,0,2023-03-01T18:47:18Z,2023-03-01T18:47:18Z,,Ugwqz5zF9rvUfQFARvB4AaABAg
1mGOWxLqcEk,ein absolutes Meisterwerk,ein absolutes Meisterwerk,Woanko,https://yt3.ggpht.com/ytc/AL5GRJWs2ZuUuQcTdNQMg02v4U_ay555OSjQZlXVKA=s48-c-k-c0x00ffffff-no-rj,http://www.youtube.com/channel/UCjafys0X71-t-ngMmY_zzzA,{'value': 'UCjafys0X71-t-ngMmY_zzzA'},True,none,1,2023-02-28T18:12:34Z,2023-02-28T18:12:34Z,,UgxslZx-3lgw0RKaGBh4AaABAg
1mGOWxLqcEk,i swear i cry everytime when i see the Rohirrim charge the orcs on Pellennor...,i swear i cry everytime when i see the Rohirrim charge the orcs on Pellennor...,TheBaffoon 87,https://yt3.ggpht.com/ytc/AL5GRJVhIGecZJZ9sjzNyG-3ZTizZcMO6P_iLDcYVXikrQ=s48-c-k-c0x00ffffff-no-rj,http://www.youtube.com/channel/UCi74zK7BLBUXJnxR7_buuvA,{'value': 'UCi74zK7BLBUXJnxR7_buuvA'},True,none,2,2023-02-28T13:03:28Z,2023-02-28T13:03:28Z,,Ugwq4p-NqSVX4AT-EPR4AaABAg
1mGOWxLqcEk,JehovÃ¡ estos son nuestros hijos e hijas sÃ­ â˜ºï¸ğŸ˜¹ğŸ˜ğŸ˜‚ no  atte Blanca ğŸ˜¸ğŸ˜ Esther ğŸ˜œğŸ¤ª,JehovÃ¡ estos son nuestros hijos e hijas sÃ­ â˜ºï¸ğŸ˜¹ğŸ˜ğŸ˜‚ no  atte Blanca ğŸ˜¸ğŸ˜ Esther ğŸ˜œğŸ¤ª,Lazaro Hernandez,https://yt3.ggpht.com/ytc/AL5GRJUSmslgj51PCLy5jIOAw2RmX2B4RQTUknc9_jRiNArmiyroUxE3XSlCHRRO5xTx=s48-c-k-c0x00ffffff-no-rj,http://www.youtube.com/channel/UCeh6fzh0s0xQ4sEepqMw_Wg,{'value': 'UCeh6fzh0s0xQ4sEepqMw_Wg'},True,none,0,2023-02-26T16:32:11Z,2023-02-26T16:32:11Z,,UgxrYgdhA1kylt8ypNx4AaABAg
1mGOWxLqcEk,Eowyn is my middle name and I love it!,Eowyn is my middle name and I love it!,Eowyn,https://yt3.ggpht.com/ytc/AL5GRJUojY6VLQOviBHN0Y4VPhNqaLZIa9MiUQ2GNNxa=s48-c-k-c0x00ffffff-no-rj,http://www.youtube.com/channel/UCzneh0-OlB9UbkL5SrDOjPg,{'value': 'UCzneh0-OlB9UbkL5SrDOjPg'},True,none,0,2023-02-25T18:01:37Z,2023-02-25T18:01:37Z,,UgygpWkiOv-yTfkZnD94AaABAg
1mGOWxLqcEk,Son esplÃ©ndido nuestros hijos e hijas y quieren a Ãngel ğŸ˜‡ğŸ˜ƒğŸ¤£ y Jesucristo y ellos ğŸ˜ƒğŸ¤£ğŸ˜ƒ tambiÃ©n los y las quieren que se casen con una de ellas ğŸ˜˜ğŸ˜½ğŸ˜˜ cada uno. Atte ğŸ¤£ğŸ¤£ Blanca Esther ğŸ™‚ğŸ˜¸ğŸ˜ğŸ˜ğŸ™‚ğŸ˜ JehovÃ¡ si ğŸ¤ ğŸ˜ŠğŸ˜»ğŸ˜»ğŸ˜œğŸ˜» no,Son esplÃ©ndido nuestros hijos e hijas y quieren a Ãngel ğŸ˜‡ğŸ˜ƒğŸ¤£ y Jesucristo y ellos ğŸ˜ƒğŸ¤£ğŸ˜ƒ tambiÃ©n los y las quieren que se casen con una de ellas ğŸ˜˜ğŸ˜½ğŸ˜˜ cada uno. Atte ğŸ¤£ğŸ¤£ Blanca Esther ğŸ™‚ğŸ˜¸ğŸ˜ğŸ˜ğŸ™‚ğŸ˜ JehovÃ¡ si ğŸ¤ ğŸ˜ŠğŸ˜»ğŸ˜»ğŸ˜œğŸ˜» no,Lazaro Hernandez,https://yt3.ggpht.com/ytc/AL5GRJUSmslgj51PCLy5jIOAw2RmX2B4RQTUknc9_jRiNArmiyroUxE3XSlCHRRO5xTx=s48-c-k-c0x00ffffff-no-rj,http://www.youtube.com/channel/UCeh6fzh0s0xQ4sEepqMw_Wg,{'value': 'UCeh6fzh0s0xQ4sEepqMw_Wg'},True,none,0,2023-02-25T16:19:00Z,2023-02-25T16:19:00Z,,UgyY3ipw01ZTe3i3qbB4AaABAg
1mGOWxLqcEk,â¤,â¤,Phi Massalia,https://yt3.ggpht.com/ytc/AL5GRJUZNIdByJaclOQ3pSpZiREgeeZhIPq2-IGHngv8=s48-c-k-c0x00ffffff-no-rj,http://www.youtube.com/channel/UCC3sctNYxPpHrTaJlRWMN7Q,{'value': 'UCC3sctNYxPpHrTaJlRWMN7Q'},True,none,0,2023-02-25T13:33:04Z,2023-02-25T13:33:04Z,,UgzCgLkXUjHbKiJE2Lt4AaABAg
1mGOWxLqcEk,I love this musicâ¤ï¸â¤ï¸â¤ï¸,I love this musicâ¤ï¸â¤ï¸â¤ï¸,babygirlmonia,https://yt3.ggpht.com/ytc/AL5GRJXg3NU2ITCLjsmid2uMNBMP3bGBTevA_1g5yWNo=s48-c-k-c0x00ffffff-no-rj,http://www.youtube.com/channel/UCgcxvXJw6QRABvW6XdBkhzg,{'value': 'UCgcxvXJw6QRABvW6XdBkhzg'},True,none,0,2023-02-24T19:35:16Z,2023-02-24T19:35:16Z,,UgyPjY4N8AoELqxeG7d4AaABAg
1mGOWxLqcEk,JehovÃ¡ el diablo ğŸ˜ğŸ˜œğŸ¤ª  quiere pelear si â˜ºï¸ğŸ¤ ğŸ˜ŠğŸ˜» no ğŸ˜¹ğŸ˜ğŸ˜‚ğŸ˜ƒğŸ™‚ğŸ˜‚ atte ğŸ¤£ğŸ¤£ Blanca ğŸ˜œğŸ¤ª Esther ğŸ˜›ğŸ¤£,JehovÃ¡ el diablo ğŸ˜ğŸ˜œğŸ¤ª  quiere pelear si â˜ºï¸ğŸ¤ ğŸ˜ŠğŸ˜» no ğŸ˜¹ğŸ˜ğŸ˜‚ğŸ˜ƒğŸ™‚ğŸ˜‚ atte ğŸ¤£ğŸ¤£ Blanca ğŸ˜œğŸ¤ª Esther ğŸ˜›ğŸ¤£,Lazaro Hernandez,https://yt3.ggpht.com/ytc/AL5GRJUSmslgj51PCLy5jIOAw2RmX2B4RQTUknc9_jRiNArmiyroUxE3XSlCHRRO5xTx=s48-c-k-c0x00ffffff-no-rj,http://www.youtube.com/channel/UCeh6fzh0s0xQ4sEepqMw_Wg,{'value': 'UCeh6fzh0s0xQ4sEepqMw_Wg'},True,none,0,2023-02-22T17:58:41Z,2023-02-22T17:58:41Z,,Ugz9_E7xUhnMgIyv1Wx4AaABAg
1mGOWxLqcEk,Son nuestros hijos JehovÃ¡ no sÃ­ â˜ºï¸ğŸ˜¹ğŸ˜ğŸ˜‚ğŸ˜‚ğŸ˜ƒ quieren luchar no sÃ­ ğŸ˜ƒğŸ™‚ğŸ˜‚ğŸ˜ƒ tu que dices JehovÃ¡ no sÃ­ â˜ºï¸ğŸ˜¹ğŸ˜ğŸ˜‚ğŸ˜ƒ entonces que luchen atte ğŸ˜ƒğŸ¤£ Blanca ğŸ˜œğŸ˜ƒ Esther su mamÃ¡,Son nuestros hijos JehovÃ¡ no sÃ­ â˜ºï¸ğŸ˜¹ğŸ˜ğŸ˜‚ğŸ˜‚ğŸ˜ƒ quieren luchar no sÃ­ ğŸ˜ƒğŸ™‚ğŸ˜‚ğŸ˜ƒ tu que dices JehovÃ¡ no sÃ­ â˜ºï¸ğŸ˜¹ğŸ˜ğŸ˜‚ğŸ˜ƒ entonces que luchen atte ğŸ˜ƒğŸ¤£ Blanca ğŸ˜œğŸ˜ƒ Esther su mamÃ¡,Lazaro Hernandez,https://yt3.ggpht.com/ytc/AL5GRJUSmslgj51PCLy5jIOAw2RmX2B4RQTUknc9_jRiNArmiyroUxE3XSlCHRRO5xTx=s48-c-k-c0x00ffffff-no-rj,http://www.youtube.com/channel/UCeh6fzh0s0xQ4sEepqMw_Wg,{'value': 'UCeh6fzh0s0xQ4sEepqMw_Wg'},True,none,0,2023-02-21T18:13:55Z,2023-02-21T18:13:55Z,,Ugz7HgPQ24fJSgX6O7Z4AaABAg
1mGOWxLqcEk,Que JehovÃ¡ nuestros hijos quieren luchar no ğŸ˜ğŸ˜‚ğŸ˜‚ğŸ˜ƒ si â˜ºï¸ğŸ¤ ğŸ˜ğŸ˜ğŸ˜ŠğŸ˜»ğŸ˜œğŸ˜ƒğŸ™‚ğŸ˜‰ğŸ˜ƒğŸ™‚ğŸ˜‚ğŸ˜ƒğŸ™‚ğŸ˜‰ğŸ˜ƒ atte ğŸ¤ªğŸ˜¸ Blanca Esther ğŸ™‚ğŸ˜¸ğŸ˜ğŸ™‚,Que JehovÃ¡ nuestros hijos quieren luchar no ğŸ˜ğŸ˜‚ğŸ˜‚ğŸ˜ƒ si â˜ºï¸ğŸ¤ ğŸ˜ğŸ˜ğŸ˜ŠğŸ˜»ğŸ˜œğŸ˜ƒğŸ™‚ğŸ˜‰ğŸ˜ƒğŸ™‚ğŸ˜‚ğŸ˜ƒğŸ™‚ğŸ˜‰ğŸ˜ƒ atte ğŸ¤ªğŸ˜¸ Blanca Esther ğŸ™‚ğŸ˜¸ğŸ˜ğŸ™‚,Lazaro Hernandez,https://yt3.ggpht.com/ytc/AL5GRJUSmslgj51PCLy5jIOAw2RmX2B4RQTUknc9_jRiNArmiyroUxE3XSlCHRRO5xTx=s48-c-k-c0x00ffffff-no-rj,http://www.youtube.com/channel/UCeh6fzh0s0xQ4sEepqMw_Wg,{'value': 'UCeh6fzh0s0xQ4sEepqMw_Wg'},True,none,0,2023-02-21T04:10:34Z,2023-02-21T04:10:34Z,,UgxngW3oIFqHnT-3PU54AaABAg
1mGOWxLqcEk,"LoTR is a bad movie, itâ€˜s way way way too short! The rest is super great but the length is to short -100 Points","LoTR is a bad movie, itâ€˜s way way way too short! The rest is super great but the length is to short -100 Points",triko 03,https://yt3.ggpht.com/ytc/AL5GRJUycquNMmyTFSpSmXCrNBAIyW_jj0IEXZFRSGKdjg=s48-c-k-c0x00ffffff-no-rj,http://www.youtube.com/channel/UCICzQfeGXohiCo_CaZ3DFog,{'value': 'UCICzQfeGXohiCo_CaZ3DFog'},True,none,1,2023-02-16T03:16:26Z,2023-02-16T03:16:26Z,,Ugyxxh9AcWaYNbaCH2N4AaABAg
1mGOWxLqcEk,When your trade seems to think our loved ones are a profit it seems your time has come to an end,When your trade seems to think our loved ones are a profit it seems your time has come to an end,william olsen,https://yt3.ggpht.com/ytc/AL5GRJW1OPKzOoFgbHglpt-Nt4UOpJ_vWGuUagUTgDuy0KdSQV9qLUCWblGLzdSMLOVB=s48-c-k-c0x00ffffff-no-rj,http://www.youtube.com/channel/UCgQu0_ruqzPI-eCgzd6Wgew,{'value': 'UCgQu0_ruqzPI-eCgzd6Wgew'},True,none,0,2023-02-15T09:59:46Z,2023-02-15T09:59:46Z,,UgzLMUEKXkESGDwTlEV4AaABAg
1mGOWxLqcEk,MMMMMUUUUUUUUUEEEEEEERRRRRRRRRTTTTEEEEEEEEEEEEEEEEEEE!!!!!!!!!!,MMMMMUUUUUUUUUEEEEEEERRRRRRRRRTTTTEEEEEEEEEEEEEEEEEEE!!!!!!!!!!,jaumegat,https://yt3.ggpht.com/ytc/AL5GRJWN9sWnrmK_owXUx_wNq2GEgeoSUSDkgZnFjWTE=s48-c-k-c0x00ffffff-no-rj,http://www.youtube.com/channel/UCzbYKZ_Q22fECrItd-1TX-w,{'value': 'UCzbYKZ_Q22fECrItd-1TX-w'},True,none,0,2023-02-13T19:29:07Z,2023-02-13T19:29:07Z,,UgxOQzlEJ0lJjTBL0FJ4AaABAg
1mGOWxLqcEk,RIDE NOW....RIIIIIIIIDE NOW.  RIDE!!!!!,RIDE NOW....RIIIIIIIIDE NOW.  RIDE!!!!!,Vidarien,https://yt3.ggpht.com/ytc/AL5GRJVaYyQSS1ogU6rkXle-akOG_jMnxhue-ofPInLR=s48-c-k-c0x00ffffff-no-rj,http://www.youtube.com/channel/UCplHwzZaLttqn3Vm-R7sbCg,{'value': 'UCplHwzZaLttqn3Vm-R7sbCg'},True,none,0,2023-02-12T00:15:32Z,2023-02-12T00:15:32Z,,UgyA60dJoD9KTHjMebR4AaABAg
1mGOWxLqcEk,EstÃ¡n al lado de la vida ğŸ˜…ğŸ˜ƒğŸ™‚ğŸ˜‰ğŸ˜ƒ gracias â˜ºï¸ğŸ± hijos e hijas los amo son un orgullo sano para mÃ­ que JehovÃ¡ los bendiga y yo me esforzarse por estar bien ğŸ˜ƒğŸ™‚ con ustedes y como mamÃ¡ atte Blanca ğŸ˜¸ğŸ˜ğŸ™‚ Esther ğŸ˜œğŸ¤ªğŸ˜¸ğŸ˜,EstÃ¡n al lado de la vida ğŸ˜…ğŸ˜ƒğŸ™‚ğŸ˜‰ğŸ˜ƒ gracias â˜ºï¸ğŸ± hijos e hijas los amo son un orgullo sano para mÃ­ que JehovÃ¡ los bendiga y yo me esforzarse por estar bien ğŸ˜ƒğŸ™‚ con ustedes y como mamÃ¡ atte Blanca ğŸ˜¸ğŸ˜ğŸ™‚ Esther ğŸ˜œğŸ¤ªğŸ˜¸ğŸ˜,Lazaro Hernandez,https://yt3.ggpht.com/ytc/AL5GRJUSmslgj51PCLy5jIOAw2RmX2B4RQTUknc9_jRiNArmiyroUxE3XSlCHRRO5xTx=s48-c-k-c0x00ffffff-no-rj,http://www.youtube.com/channel/UCeh6fzh0s0xQ4sEepqMw_Wg,{'value': 'UCeh6fzh0s0xQ4sEepqMw_Wg'},True,none,0,2023-02-11T22:16:57Z,2023-02-11T22:16:57Z,,UgyutXXzbJGDaOlgrdx4AaABAg
1mGOWxLqcEk,"I am crawling out from under the dark, grey weight of a bitter Depression. My mind was literally not my own for a time.<br>Imagining myself, broken but not beaten, drawing back up to my full height once more like ThÃ©oden freed from Saruman, while this music plays...<br>Yes. A thousand times yes. âœŠğŸ»","I am crawling out from under the dark, grey weight of a bitter Depression. My mind was literally not my own for a time.
Imagining myself, broken but not beaten, drawing back up to my full height once more like ThÃ©oden freed from Saruman, while this music plays...
Yes. A thousand times yes. âœŠğŸ»",GreenScholarTales,https://yt3.ggpht.com/ytc/AL5GRJWEuxjILWv9JUheW7nA4t8cHmkWAsrSpNcFZAGw=s48-c-k-c0x00ffffff-no-rj,http://www.youtube.com/channel/UCfLiJbgdu3xVuq64aR-TaTA,{'value': 'UCfLiJbgdu3xVuq64aR-TaTA'},True,none,17,2023-02-10T18:08:46Z,2023-02-10T18:10:12Z,,Ugwf-_2QnRM5r6NqH7B4AaABAg
1mGOWxLqcEk,Alberta nation day independent,Alberta nation day independent,Order divine Warrior,https://yt3.ggpht.com/ytc/AL5GRJWqqwLfQLyFm1IOTdlEL7FcmMLjqT91_JWrEJzgsg=s48-c-k-c0x00ffffff-no-rj,http://www.youtube.com/channel/UCMkKe8GSqkHVRrimD_byZtA,{'value': 'UCMkKe8GSqkHVRrimD_byZtA'},True,none,1,2023-02-03T13:27:38Z,2023-02-03T13:27:38Z,,UgzSNC2SCGmqb5_lYpl4AaABAg
1mGOWxLqcEk,Todo dia quando acordo agradeÃ§o por Senhor dos AnÃ©is ter sido filmado em 2002 ... um dos top 5 filmes da HistÃ³ria!,Todo dia quando acordo agradeÃ§o por Senhor dos AnÃ©is ter sido filmado em 2002 ... um dos top 5 filmes da HistÃ³ria!,Carlos Garcia,https://yt3.ggpht.com/ytc/AL5GRJXlAXoB8SZC3cU_BIbIwyDvWJ69jK_sImLff5P2=s48-c-k-c0x00ffffff-no-rj,http://www.youtube.com/channel/UCS0zMQ2ROijp34o4Eu-E1IA,{'value': 'UCS0zMQ2ROijp34o4Eu-E1IA'},True,none,1,2023-01-31T01:06:32Z,2023-01-31T01:06:32Z,,UgwHqupOfRnN8zFSPk94AaABAg
1mGOWxLqcEk,Awesome music,Awesome music,Why? ,https://yt3.ggpht.com/gq7bauzAJDYTyNbWWwfnF0dw3w-C2E6huQDEPfyNUuADk6VpB4UwRMKarEXACa34PbXnuUVbMg=s48-c-k-c0x00ffffff-no-rj,http://www.youtube.com/channel/UCnuOBIiy_PUVbVVpjYVxxoQ,{'value': 'UCnuOBIiy_PUVbVVpjYVxxoQ'},True,none,0,2023-01-26T22:39:45Z,2023-01-26T22:39:45Z,,Ugzq8fZn4g1xm_aRo8x4AaABAg
1mGOWxLqcEk,Terrorism,Terrorism,Alexander Galica,https://yt3.ggpht.com/ytc/AL5GRJXBB0kTwemnBxTeztkw_JJBOYg_fQM6MfQeSMib1HuvUByyMkYh6GiHv_n7ulkz=s48-c-k-c0x00ffffff-no-rj,http://www.youtube.com/channel/UCjaQSXEp3TNGm0R0yGtyy_Q,{'value': 'UCjaQSXEp3TNGm0R0yGtyy_Q'},True,none,1,2023-01-25T14:06:26Z,2023-01-25T14:06:26Z,,UgxuaB1ctKwzCLXDV914AaABAg
1mGOWxLqcEk,"<a href=""https://www.youtube.com/watch?v=1mGOWxLqcEk&amp;t=05m42s"">05:42</a> Epic Moment!",05:42 Epic Moment!,Musica Serra,https://yt3.ggpht.com/ytc/AL5GRJUufoqxCW3OhkvYazbROopjM0_8eCvk3X4P4cYB=s48-c-k-c0x00ffffff-no-rj,http://www.youtube.com/channel/UCguIvFfo_VKY-JfSH-O7Evw,{'value': 'UCguIvFfo_VKY-JfSH-O7Evw'},True,none,1,2023-01-17T13:34:53Z,2023-01-17T13:34:53Z,,UgwqROS3LEHMnC6IJyx4AaABAg
1mGOWxLqcEk,Beautiful piece!,Beautiful piece!,Kiwi,https://yt3.ggpht.com/9hs90HsI7sdpdyPMQHkaDMvA9vApjCYzWcHcCTjvQjH2awkzJn3rJ7Gx7s68hVdiNSRzLQQKpGg=s48-c-k-c0x00ffffff-no-rj,http://www.youtube.com/channel/UC5VXikkKbh6v3kITgwJGWCA,{'value': 'UC5VXikkKbh6v3kITgwJGWCA'},True,none,0,2023-01-16T21:47:14Z,2023-01-16T21:47:14Z,,UgzMPBLv5J8DJeCEQt94AaABAg
1mGOWxLqcEk,Edoras theme got stuck on my mind,Edoras theme got stuck on my mind,Ronaldo Hoxha,https://yt3.ggpht.com/ytc/AL5GRJUYz1PvC0AohX5O5mw-XizeIAhxVw4uyYVmPXzyvg=s48-c-k-c0x00ffffff-no-rj,http://www.youtube.com/channel/UCOo3pfqHtN2VqoVoDCIBgIg,{'value': 'UCOo3pfqHtN2VqoVoDCIBgIg'},True,none,1,2023-01-12T20:00:35Z,2023-01-12T20:00:35Z,,UgzjwvSWGpwBOSJ6y9d4AaABAg
1mGOWxLqcEk,"you come for this ğŸ‘‰<a href=""https://www.youtube.com/watch?v=1mGOWxLqcEk&amp;t=18m58s"">18:58</a>",you come for this ğŸ‘‰18:58,Ivo,https://yt3.ggpht.com/ytc/AL5GRJXSvKF-VrQsSF9xSxVV87YzAaPQV-GM7RV94BojeQ=s48-c-k-c0x00ffffff-no-rj,http://www.youtube.com/channel/UC1i6kcmSiFbB35tw7h7uk9w,{'value': 'UC1i6kcmSiFbB35tw7h7uk9w'},True,none,4,2023-01-11T13:02:05Z,2023-01-11T13:02:05Z,,UgztQ3MbunHp96-pb4t4AaABAg
1mGOWxLqcEk,"ĞšĞ¾Ğ¿ÑŒÑ Ğ²Ğ·Ğ´Ñ‹Ğ¼Ğ°Ğ¹Ñ‚Ğµ, Ñ‰Ğ¸Ñ‚Ñ‹ ĞºÑ€ÑƒÑˆĞ¸Ñ‚Ğµ! Ğ”ĞµĞ½ÑŒ ÑĞµÑ‡Ğ¸, Ğ´ĞµĞ½ÑŒ ÑĞ»Ğ°Ğ²Ñ‹, Ğ²Ğ¿ĞµÑ€Ñ‘Ğ´ Ğ½Ğ° Ğ²ÑÑ‚Ñ€ĞµÑ‡Ñƒ Ğ·Ğ°Ñ€Ğµ! Ğ’ Ğ±Ğ¾Ğ¹, Ğ² Ğ±Ğ¾Ğ¹, Ğ² Ğ±Ğ¾Ğ¹, Ğ¿Ğ¾ÑĞ»ĞµĞ´Ğ½Ğ¸Ğ¹ Ğ±Ğ¾Ğ¹ ÑÑ‚Ğ¾Ğ³Ğ¾ Ğ¼Ğ¸Ñ€Ğ°! ĞĞ Ğ¡ĞœĞ•Ğ•Ğ•Ğ•Ğ•Ğ•Ğ Ğ¢Ğ¬. ĞĞ Ğ¡ĞœĞ•Ğ•Ğ•Ğ•Ğ•Ğ•Ğ Ğ¢Ğ¬! Ğ¡ĞœĞ•Ğ•Ğ•Ğ•Ğ•Ğ•Ğ•Ğ•Ğ•Ğ Ğ¢Ğ¬! Ğ’ĞŸĞ•Ğ Ğ•Ğ” Ğ­ĞĞ Ğ›Ğ˜ĞĞ“Ğ˜!","ĞšĞ¾Ğ¿ÑŒÑ Ğ²Ğ·Ğ´Ñ‹Ğ¼Ğ°Ğ¹Ñ‚Ğµ, Ñ‰Ğ¸Ñ‚Ñ‹ ĞºÑ€ÑƒÑˆĞ¸Ñ‚Ğµ! Ğ”ĞµĞ½ÑŒ ÑĞµÑ‡Ğ¸, Ğ´ĞµĞ½ÑŒ ÑĞ»Ğ°Ğ²Ñ‹, Ğ²Ğ¿ĞµÑ€Ñ‘Ğ´ Ğ½Ğ° Ğ²ÑÑ‚Ñ€ĞµÑ‡Ñƒ Ğ·Ğ°Ñ€Ğµ! Ğ’ Ğ±Ğ¾Ğ¹, Ğ² Ğ±Ğ¾Ğ¹, Ğ² Ğ±Ğ¾Ğ¹, Ğ¿Ğ¾ÑĞ»ĞµĞ´Ğ½Ğ¸Ğ¹ Ğ±Ğ¾Ğ¹ ÑÑ‚Ğ¾Ğ³Ğ¾ Ğ¼Ğ¸Ñ€Ğ°! ĞĞ Ğ¡ĞœĞ•Ğ•Ğ•Ğ•Ğ•Ğ•Ğ Ğ¢Ğ¬. ĞĞ Ğ¡ĞœĞ•Ğ•Ğ•Ğ•Ğ•Ğ•Ğ Ğ¢Ğ¬! Ğ¡ĞœĞ•Ğ•Ğ•Ğ•Ğ•Ğ•Ğ•Ğ•Ğ•Ğ Ğ¢Ğ¬! Ğ’ĞŸĞ•Ğ Ğ•Ğ” Ğ­ĞĞ Ğ›Ğ˜ĞĞ“Ğ˜!",ĞÑ€Ğ°Ñ‚Ğ¾Ğ¼Ñƒ ĞœĞ°Ğ¹Ğ¾Ñ€Ğ¾Ğ²,https://yt3.ggpht.com/OvGlDdmtZO8364Vf7W9cJ2lTkO12JOIPhpb86p7U5Q8NrOtbZixASsk8l5At4k1DoMdedJrmKyU=s48-c-k-c0x00ffffff-no-rj,http://www.youtube.com/channel/UCi44kLDGksBivea0DXhzKWg,{'value': 'UCi44kLDGksBivea0DXhzKWg'},True,none,2,2023-01-09T09:49:59Z,2023-01-09T09:49:59Z,,UgykPQPmOd1u6j7tu5l4AaABAg
1mGOWxLqcEk,And Rohan will answer!,And Rohan will answer!,kitsune,https://yt3.ggpht.com/2qx-STIek-XG5QwXlVPH2n1neH4HT2rdTkt28kcdlniUOIGEKyOFG1QyGWcDd4LWu8id1PaiZg=s48-c-k-c0x00ffffff-no-rj,http://www.youtube.com/channel/UCmp_u2dsPIlNahWZjtpuuEQ,{'value': 'UCmp_u2dsPIlNahWZjtpuuEQ'},True,none,1,2023-02-11T13:21:44Z,2023-02-11T13:21:44Z,UgzImMnA7z3F26FdH_94AaABAg,UgzImMnA7z3F26FdH_94AaABAg.9kbQMSKrO7g9m-0YU6pm3x
1mGOWxLqcEk,"<a href=""https://www.youtube.com/watch?v=ES6MuLxl0fE"">https://www.youtube.com/watch?v=ES6MuLxl0fE</a><a href=""about:invalid#zCSafez""></a><a href=""about:invalid#zCSafez""></a>",https://www.youtube.com/watch?v=ES6MuLxl0fE,RICARDO C S BRANDAO,https://yt3.ggpht.com/ytc/AL5GRJU2V7FSW2HxIg9aXMJrbalvOXs_DRG9UhwjcpFtZCWTZPp5MSTnp6wYRC-OKZhc=s48-c-k-c0x00ffffff-no-rj,http://www.youtube.com/channel/UC1zQeUPK1IB5sCJrOKrIaxQ,{'value': 'UC1zQeUPK1IB5sCJrOKrIaxQ'},True,none,0,2023-01-03T05:00:13Z,2023-01-03T05:00:13Z,,Ugwl393-8vjYsDpTREF4AaABAg
1mGOWxLqcEk,"Magnifico, Surreal, EsplÃªndido a trilha sonora ... ParabÃ©ns ...","Magnifico, Surreal, EsplÃªndido a trilha sonora ... ParabÃ©ns ...",Jorge Lutif,https://yt3.ggpht.com/ytc/AL5GRJWTzl4gRGVQazKg9ygr1sOIoFKSypTCQpg_jWfndNU=s48-c-k-c0x00ffffff-no-rj,http://www.youtube.com/channel/UC2fhgfymHYrs3hzxIBTv1UQ,{'value': 'UC2fhgfymHYrs3hzxIBTv1UQ'},True,none,4,2022-12-19T13:48:48Z,2022-12-19T13:48:48Z,,UgyWgGaYz8QY7u-bECR4AaABAg
1mGOWxLqcEk,"After 20 years I&#39;ve decided to read LOTR trilogy again - I started &quot;Return of the king&quot; not long time ago and I&#39;m in chapter &quot;Siege of Gondor&quot;, so this music compilation will be very good when Riders of Rohan arrive with relief of besieged Minas Tirith. Thank you!","After 20 years I've decided to read LOTR trilogy again - I started ""Return of the king"" not long time ago and I'm in chapter ""Siege of Gondor"", so this music compilation will be very good when Riders of Rohan arrive with relief of besieged Minas Tirith. Thank you!",1701EarlGrey,https://yt3.ggpht.com/ytc/AL5GRJUIrkT6Z1IIZjJMZvdapE5Gsm_rtQMG5OCHyQDq=s48-c-k-c0x00ffffff-no-rj,http://www.youtube.com/channel/UC5BMPzabFgmHrzmJUhXmVvQ,{'value': 'UC5BMPzabFgmHrzmJUhXmVvQ'},True,none,27,2022-12-09T20:40:10Z,2022-12-09T20:40:10Z,,UgyLv0Z0147j1h1jPLN4AaABAg
1mGOWxLqcEk,"Ã€ frente havia trevas! AtrÃ¡s dos milhares de cavaleiros, uma luz fulgurante, naquele entardecer majestoso... Um belo dia para uma bela e sangrenta batalha. Avante, homens do Ocidente! Por Deus! Por quem amamos! Por nossas prÃ³prias vidas!","Ã€ frente havia trevas! AtrÃ¡s dos milhares de cavaleiros, uma luz fulgurante, naquele entardecer majestoso... Um belo dia para uma bela e sangrenta batalha. Avante, homens do Ocidente! Por Deus! Por quem amamos! Por nossas prÃ³prias vidas!",Sociedade dos Poetas Vivos,https://yt3.ggpht.com/ytc/AL5GRJWvVNmBnz9rzp_0g9FEBGozb2kGAXs7D190mdKv=s48-c-k-c0x00ffffff-no-rj,http://www.youtube.com/channel/UCBthVUr33_hL16YAASHjKpA,{'value': 'UCBthVUr33_hL16YAASHjKpA'},True,none,5,2022-12-07T18:36:05Z,2022-12-07T18:36:05Z,,UgwDJdpdtzp0VJiyIyx4AaABAg
1mGOWxLqcEk,plenty   after the war  gondor  and  rohan  went on to fight many battles together against the Eastman,plenty   after the war  gondor  and  rohan  went on to fight many battles together against the Eastman,Dustin Cordell,https://yt3.ggpht.com/ytc/AL5GRJVfOVo--g5DbTKukjhl0fClbQQszwp-JfJPr2ZT5A=s48-c-k-c0x00ffffff-no-rj,http://www.youtube.com/channel/UC9oz-AnQQ7flz-sSAZLeZoQ,{'value': 'UC9oz-AnQQ7flz-sSAZLeZoQ'},True,none,3,2022-12-17T23:59:05Z,2022-12-17T23:59:05Z,Ugw5v9mzSJGT8uM1NgZ4AaABAg,Ugw5v9mzSJGT8uM1NgZ4AaABAg.9jGCwchhe4t9jkxyY-iITR
1mGOWxLqcEk,"Da, m-a filmat Ã®n secret procuratura ğŸ¤•ğŸ§<br>Un suflet de acolo Ã®È™i pleca genunchiul la Dumnezeu È™i DUMNEZEU l-a ajutat. <br>AdevÄƒrul acesta este.","Da, m-a filmat Ã®n secret procuratura ğŸ¤•ğŸ§
Un suflet de acolo Ã®È™i pleca genunchiul la Dumnezeu È™i DUMNEZEU l-a ajutat. 
AdevÄƒrul acesta este.",Monica Aron,https://yt3.ggpht.com/ytc/AL5GRJWfMSJ2t-ttEXCJvpv866K6GjBGB-90X3sO=s48-c-k-c0x00ffffff-no-rj,http://www.youtube.com/channel/UClI6dhamRtgrmE9R7MPMcZg,{'value': 'UClI6dhamRtgrmE9R7MPMcZg'},True,none,0,2022-11-25T13:46:40Z,2022-11-25T13:46:40Z,,UgysZ0fa5ZjYEn3h83p4AaABAg
1mGOWxLqcEk,Tengo el intestino en carne de galllina,Tengo el intestino en carne de galllina,Tollpa,https://yt3.ggpht.com/ooP-plR8jWo90t6HfESaLk_zWCtbc1d7g0sCSdwnlxqzoNcE52i30_x9GEdBbujJI4IpHDzsjg=s48-c-k-c0x00ffffff-no-rj,http://www.youtube.com/channel/UCESQTINc4_Onmp0lUYqobkg,{'value': 'UCESQTINc4_Onmp0lUYqobkg'},True,none,0,2022-11-20T18:03:45Z,2022-11-20T18:03:45Z,,UgzYcnZyuGH194nNNOd4AaABAg
1mGOWxLqcEk,"<a href=""https://www.youtube.com/watch?v=1mGOWxLqcEk&amp;t=10m55s"">10:55</a><br><br>Who am I...Gamling?<br><br>You are our King, sire.<br><br>Do you trust your King?<br><br>Your men, my lord, will follow you to whatever end.<br><br><b>To whatever end?</b>","10:55

Who am I...Gamling?

You are our King, sire.

Do you trust your King?

Your men, my lord, will follow you to whatever end.

*To whatever end?*",uFuqinwitme,https://yt3.ggpht.com/VRAo8jLvtzjxfhKZcKxte3NQDglca5mkelHRz2VM3KL160vtI-ttk1KbqCFSkuu6QwLoGtHr=s48-c-k-c0x00ffffff-no-rj,http://www.youtube.com/channel/UCHUUWjL2ZhJtSOqLYCzf-sQ,{'value': 'UCHUUWjL2ZhJtSOqLYCzf-sQ'},True,none,6,2022-11-12T03:19:13Z,2022-11-12T03:19:13Z,,UgzIPhxGHLuQJb0XIRl4AaABAg
1mGOWxLqcEk,"Ride to ruin, and the world&#39;s ending!","Ride to ruin, and the world's ending!",Lenio,https://yt3.ggpht.com/YxxKgJswLKoMHVKnJdtqtngQI7pB5cIka5nzefcG-p18XlpPP_cJRzoddy8EvW3sJlmmrjbAgQ=s48-c-k-c0x00ffffff-no-rj,http://www.youtube.com/channel/UCKrnskyELV6QgHDFvyWSXtQ,{'value': 'UCKrnskyELV6QgHDFvyWSXtQ'},True,none,0,2023-02-04T15:38:28Z,2023-02-04T15:38:28Z,UgyEOKLx5YU_M9wBNjR4AaABAg,UgyEOKLx5YU_M9wBNjR4AaABAg.9iJIuF6mJeA9liEcnjvPKq
1mGOWxLqcEk,"It was smart to let that out. Didn&#39;t sound epic, tbh. xD","It was smart to let that out. Didn't sound epic, tbh. xD",Sonatine,https://yt3.ggpht.com/T6Ang1_FkOkay5ubpxQ4m7t_8TyROjbcd2a14GP9-VeTv_MgJslNIu0GmGpog7qt4lMRLqdZ=s48-c-k-c0x00ffffff-no-rj,http://www.youtube.com/channel/UCqha9oCeEh1G6SdO7BHYy7Q,{'value': 'UCqha9oCeEh1G6SdO7BHYy7Q'},True,none,1,2022-11-12T10:29:15Z,2022-11-12T10:29:15Z,UgwVQaodN8KHUsK2Aip4AaABAg,UgwVQaodN8KHUsK2Aip4AaABAg.9iDsIiDhJRY9iKOTcuooE_
1mGOWxLqcEk,"Â¿Es normal que en el minuto <a href=""https://www.youtube.com/watch?v=1mGOWxLqcEk&amp;t=16m53s"">16:53</a> se te ponga la piel de gallina? ğŸ˜§",Â¿Es normal que en el minuto 16:53 se te ponga la piel de gallina? ğŸ˜§,Edison V. LÃ³pez,https://yt3.ggpht.com/ytc/AL5GRJWg7UCMpt2bsfuuXt5Q8tVjVe2uTOeO2ej8Ng=s48-c-k-c0x00ffffff-no-rj,http://www.youtube.com/channel/UCzzH6lR1b3Bjx1tFZYcIGBg,{'value': 'UCzzH6lR1b3Bjx1tFZYcIGBg'},True,none,7,2022-11-08T01:27:16Z,2022-11-08T01:27:16Z,,Ugzimmv8ZoOOWvlTSQt4AaABAg
1mGOWxLqcEk,"@MsRaspberry86 I must be a bit biased having followed the rants and ravings about the Amazone stream Rings of Power to realise that there are many people out there who have no idea what the heck it is all about. When you don&#39;t have subscription to HBO, Netfix or Amazone Prime that is quite possible.<br>But Amazone&#39;s Rop Is a really bad show, with bad writing, rediculous changes on the Tolkien lore,  a very unsympathic lead caracter, a stagering tower of pretence and an aggressive attitude against criticism.<br>to the PJ Trilogy music you return and enjoy it every time, the RoP music is forgotten when the music stops.","@MsRaspberry86 I must be a bit biased having followed the rants and ravings about the Amazone stream Rings of Power to realise that there are many people out there who have no idea what the heck it is all about. When you don't have subscription to HBO, Netfix or Amazone Prime that is quite possible.
But Amazone's Rop Is a really bad show, with bad writing, rediculous changes on the Tolkien lore,  a very unsympathic lead caracter, a stagering tower of pretence and an aggressive attitude against criticism.
to the PJ Trilogy music you return and enjoy it every time, the RoP music is forgotten when the music stops.",kamion53,https://yt3.ggpht.com/ytc/AL5GRJVYQctz-l3ARkwKIk2j_R31KrupKL3kQojOK-cg=s48-c-k-c0x00ffffff-no-rj,http://www.youtube.com/channel/UCGARpb1ls9PbbJOgq5IZbEw,{'value': 'UCGARpb1ls9PbbJOgq5IZbEw'},True,none,0,2022-11-15T03:21:00Z,2022-11-15T03:21:00Z,UgxS-ePTM9Db6VAEEUh4AaABAg,UgxS-ePTM9Db6VAEEUh4AaABAg.9i92YAgbGFf9iRLqdLJvg-
1mGOWxLqcEk,"@kamion53 Aha. I did some short research about RoP, but I actually donÂ´t understand whatÂ´s the issue with it. Maybe itÂ´s because we have already midnight and I am tired. But the music is making me creative writing very easily letter of application. <br>:) <br>The LOTR sound is crazy motivating going on with your own values to keep them up and push them further. <br>This is really cool.","@kamion53 Aha. I did some short research about RoP, but I actually donÂ´t understand whatÂ´s the issue with it. Maybe itÂ´s because we have already midnight and I am tired. But the music is making me creative writing very easily letter of application. 
:) 
The LOTR sound is crazy motivating going on with your own values to keep them up and push them further. 
This is really cool.",MsRaspberry86,https://yt3.ggpht.com/ytc/AL5GRJXe2Cqs5wblkO55kdN1ww0OspXayw7UwJnvAkcUIg=s48-c-k-c0x00ffffff-no-rj,http://www.youtube.com/channel/UCLamws7nTiQMbdx51khZ14A,{'value': 'UCLamws7nTiQMbdx51khZ14A'},True,none,0,2022-11-14T23:24:32Z,2022-11-14T23:25:01Z,UgxS-ePTM9Db6VAEEUh4AaABAg,UgxS-ePTM9Db6VAEEUh4AaABAg.9i92YAgbGFf9iQvmgqGca6
1mGOWxLqcEk,"@MsRaspberry86 When you would buy new editions especially the three books separete there is a fat change they have RoP covers.<br>so go for the oldies in a second hand or no payment shop.<br>Someone a few weeks ago posted that the new RoP covered editions were untouch in the shop he visited, but the older editions were almost sold out.<br>when people have the choice most avoid the RoP covered ones.","@MsRaspberry86 When you would buy new editions especially the three books separete there is a fat change they have RoP covers.
so go for the oldies in a second hand or no payment shop.
Someone a few weeks ago posted that the new RoP covered editions were untouch in the shop he visited, but the older editions were almost sold out.
when people have the choice most avoid the RoP covered ones.",kamion53,https://yt3.ggpht.com/ytc/AL5GRJVYQctz-l3ARkwKIk2j_R31KrupKL3kQojOK-cg=s48-c-k-c0x00ffffff-no-rj,http://www.youtube.com/channel/UCGARpb1ls9PbbJOgq5IZbEw,{'value': 'UCGARpb1ls9PbbJOgq5IZbEw'},True,none,0,2022-11-14T23:02:58Z,2022-11-14T23:02:58Z,UgxS-ePTM9Db6VAEEUh4AaABAg,UgxS-ePTM9Db6VAEEUh4AaABAg.9i92YAgbGFf9iQtJl_aDVI
1mGOWxLqcEk,"@kamion53 Okey. interessting to hear. I am patiently waiting for them to appear at the &quot;no payment shop&quot; :)<br>IÂ´d like to use second hand items, because I am trying to save the planet by not buying anything new anymore. <br>Want to try it out, search for a &quot;non payment shop&quot; in your area. maybe you want to give them products you donÂ´t need anymore. someonelse might have a great fun with them. :)","@kamion53 Okey. interessting to hear. I am patiently waiting for them to appear at the ""no payment shop"" :)
IÂ´d like to use second hand items, because I am trying to save the planet by not buying anything new anymore. 
Want to try it out, search for a ""non payment shop"" in your area. maybe you want to give them products you donÂ´t need anymore. someonelse might have a great fun with them. :)",MsRaspberry86,https://yt3.ggpht.com/ytc/AL5GRJXe2Cqs5wblkO55kdN1ww0OspXayw7UwJnvAkcUIg=s48-c-k-c0x00ffffff-no-rj,http://www.youtube.com/channel/UCLamws7nTiQMbdx51khZ14A,{'value': 'UCLamws7nTiQMbdx51khZ14A'},True,none,0,2022-11-14T22:49:52Z,2022-11-14T22:51:13Z,UgxS-ePTM9Db6VAEEUh4AaABAg,UgxS-ePTM9Db6VAEEUh4AaABAg.9i92YAgbGFf9iQrooGZJLZ
1mGOWxLqcEk,had the same problem; somewhere overthere down in the basement they lurk..... so I bought a new all in one copy.,had the same problem; somewhere overthere down in the basement they lurk..... so I bought a new all in one copy.,kamion53,https://yt3.ggpht.com/ytc/AL5GRJVYQctz-l3ARkwKIk2j_R31KrupKL3kQojOK-cg=s48-c-k-c0x00ffffff-no-rj,http://www.youtube.com/channel/UCGARpb1ls9PbbJOgq5IZbEw,{'value': 'UCGARpb1ls9PbbJOgq5IZbEw'},True,none,0,2022-11-14T22:42:40Z,2022-11-14T22:42:40Z,UgxS-ePTM9Db6VAEEUh4AaABAg,UgxS-ePTM9Db6VAEEUh4AaABAg.9i92YAgbGFf9iQr--xMW3K
1mGOWxLqcEk,DEEEEEEEAAAATH !!!,DEEEEEEEAAAATH !!!,TypeORedPill,https://yt3.ggpht.com/ytc/AL5GRJXc_cxhtEMMWnaRa8m_DlL7ZMiKqx1A6PZbKUMW=s48-c-k-c0x00ffffff-no-rj,http://www.youtube.com/channel/UCmDE2nEEN6xVh6EA-udAtzQ,{'value': 'UCmDE2nEEN6xVh6EA-udAtzQ'},True,none,1,2023-02-15T03:52:44Z,2023-02-15T03:52:44Z,Ugy-pt5KKIUBhuKQkOx4AaABAg,Ugy-pt5KKIUBhuKQkOx4AaABAg.9i4y86J0Ljk9m8IbUnMcEi
1mGOWxLqcEk,Death!!!!,Death!!!!,Daniel Baldwin,https://yt3.ggpht.com/ytc/AL5GRJU4wSJV22EMUn_pT8wfS2OnxndFlTJ5PrpTew=s48-c-k-c0x00ffffff-no-rj,http://www.youtube.com/channel/UCcjBE6uX6FYHpvac_6cX5og,{'value': 'UCcjBE6uX6FYHpvac_6cX5og'},True,none,0,2022-11-11T23:20:02Z,2022-11-11T23:20:02Z,Ugy-pt5KKIUBhuKQkOx4AaABAg,Ugy-pt5KKIUBhuKQkOx4AaABAg.9i4y86J0Ljk9iJBt5UM74z
1mGOWxLqcEk,@Victor Pereira FORTH EORLINGAS!!!,@Victor Pereira FORTH EORLINGAS!!!,Metru Nui,https://yt3.ggpht.com/ytc/AL5GRJX10IQk5ubf4eTT9pUywT1seVsQ81LnBYx1K7YW=s48-c-k-c0x00ffffff-no-rj,http://www.youtube.com/channel/UC2CqembsUteEDDtKcI0tG-Q,{'value': 'UC2CqembsUteEDDtKcI0tG-Q'},True,none,4,2022-11-10T19:36:52Z,2022-11-10T19:36:52Z,Ugy-pt5KKIUBhuKQkOx4AaABAg,Ugy-pt5KKIUBhuKQkOx4AaABAg.9i4y86J0Ljk9iGDYgVr2O5
1mGOWxLqcEk,Makes ROP look like turd,Makes ROP look like turd,Giorgio Knowles,https://yt3.ggpht.com/ytc/AL5GRJVzeC-qSedomDJuJNSJmPYwXudFaTzfHpv9gRHskw=s48-c-k-c0x00ffffff-no-rj,http://www.youtube.com/channel/UCMqYPeMPX8AkGSDTUH-aQCg,{'value': 'UCMqYPeMPX8AkGSDTUH-aQCg'},True,none,0,2022-11-09T03:19:02Z,2022-11-09T03:19:02Z,Ugy-pt5KKIUBhuKQkOx4AaABAg,Ugy-pt5KKIUBhuKQkOx4AaABAg.9i4y86J0Ljk9iBtqzak_ea
1mGOWxLqcEk,DEEEEEEEAAAATH!,DEEEEEEEAAAATH!,Victor Pereira,https://yt3.ggpht.com/ytc/AL5GRJWQMhZi67537VoHTwe72VlMXFbNrXCqWf3RculN=s48-c-k-c0x00ffffff-no-rj,http://www.youtube.com/channel/UCDtzln4KyTpF61ejSXznHjA,{'value': 'UCDtzln4KyTpF61ejSXznHjA'},True,none,9,2022-11-08T21:20:25Z,2022-11-08T21:20:25Z,Ugy-pt5KKIUBhuKQkOx4AaABAg,Ugy-pt5KKIUBhuKQkOx4AaABAg.9i4y86J0Ljk9iBFoMigOKh
1mGOWxLqcEk,"<a href=""https://www.youtube.com/watch?v=1mGOWxLqcEk&amp;t=13m29s"">13:29</a><br><br>Assemble the army at Dunharrow, as many men as can be found.<br>You have two days...<br>...on the third, we ride for Gondor...<br><b>...and war.</b>","13:29

Assemble the army at Dunharrow, as many men as can be found.
You have two days...
...on the third, we ride for Gondor...
*...and war.*",uFuqinwitme,https://yt3.ggpht.com/VRAo8jLvtzjxfhKZcKxte3NQDglca5mkelHRz2VM3KL160vtI-ttk1KbqCFSkuu6QwLoGtHr=s48-c-k-c0x00ffffff-no-rj,http://www.youtube.com/channel/UCHUUWjL2ZhJtSOqLYCzf-sQ,{'value': 'UCHUUWjL2ZhJtSOqLYCzf-sQ'},True,none,24,2022-11-06T10:30:54Z,2022-11-06T10:31:49Z,,UgytRWA90i-3JT5kJVN4AaABAg
1mGOWxLqcEk,"<a href=""https://www.youtube.com/watch?v=1mGOWxLqcEk&amp;t=18m09s"">18:09</a>.",18:09.,PEDRO CAMPOS,https://yt3.ggpht.com/ytc/AL5GRJXaPoUKah9ZF6yAGLTDh7GMtjoS9uQygZAnuA=s48-c-k-c0x00ffffff-no-rj,http://www.youtube.com/channel/UCvTpjEjVap-9ocvZNjbxoRQ,{'value': 'UCvTpjEjVap-9ocvZNjbxoRQ'},True,none,1,2022-11-06T18:09:35Z,2022-11-06T18:09:35Z,UgxO5mnJn4EYaYqVmT54AaABAg,UgxO5mnJn4EYaYqVmT54AaABAg.9i2br3zTvDV9i5lNt5v0fP
1mGOWxLqcEk,Great mix ğŸ‘<br>Rohan has some of the best music in the entire trilogy.,"Great mix ğŸ‘
Rohan has some of the best music in the entire trilogy.",Luke Balint,https://yt3.ggpht.com/ytc/AL5GRJXAY5ievf3se8Xpp8i-MOPqmWP4CZxYCbIOLBOo0g=s48-c-k-c0x00ffffff-no-rj,http://www.youtube.com/channel/UChBE26yB3u7UqGgctm4Ft2g,{'value': 'UChBE26yB3u7UqGgctm4Ft2g'},True,none,41,2022-11-04T06:51:54Z,2022-11-04T06:51:54Z,,UgwOuroKPn0gd040TG14AaABAg
1mGOWxLqcEk,"I&#39;d join too, but I&#39;d fall off my horse within a few seconds, and then resort to cheering.","I'd join too, but I'd fall off my horse within a few seconds, and then resort to cheering.",Captain Goomba,https://yt3.ggpht.com/ytc/AL5GRJUdc6NJMHlyoAZoLCBsGIJ_Baif9o6sgKN_zj0z=s48-c-k-c0x00ffffff-no-rj,http://www.youtube.com/channel/UCQCiZCXkNuw9QNHpUwpXuEw,{'value': 'UCQCiZCXkNuw9QNHpUwpXuEw'},True,none,1,2022-12-18T07:17:35Z,2022-12-18T07:17:35Z,UgwwN-ODIGCXYVEaept4AaABAg,UgwwN-ODIGCXYVEaept4AaABAg.9hm0Kcgpnk19jlk9I7kCgJ
1mGOWxLqcEk,"Me too , together we fight !","Me too , together we fight !",Lady_RobinHood,https://yt3.ggpht.com/_G4DQFCx3AyrjfajF6XAFdAfV-brTHn0bzoV2KOZwGS5XMpeXj0SDvLx3xxY34cCdZWdO0RGdQ=s48-c-k-c0x00ffffff-no-rj,http://www.youtube.com/channel/UCiDTqAABPPwTG265AUBpCNg,{'value': 'UCiDTqAABPPwTG265AUBpCNg'},True,none,1,2022-11-11T11:57:50Z,2022-11-11T11:57:50Z,UgwwN-ODIGCXYVEaept4AaABAg,UgwwN-ODIGCXYVEaept4AaABAg.9hm0Kcgpnk19iHyoY_diE3
1mGOWxLqcEk,@Lord Gracos yes... Till the last breath...,@Lord Gracos yes... Till the last breath...,Inferno Divine,https://yt3.ggpht.com/_n6vhDkIyCgbVuRQ1C5XKlDniic9Mk0MR-HVF-mXVbWuYdIpmdexFpqQ08RJR_gh9C_HVMSu6w=s48-c-k-c0x00ffffff-no-rj,http://www.youtube.com/channel/UCDDoW7pNWnQxW-4IewiTcPw,{'value': 'UCDDoW7pNWnQxW-4IewiTcPw'},True,none,5,2022-10-30T16:32:22Z,2022-10-30T16:32:22Z,UgwwN-ODIGCXYVEaept4AaABAg,UgwwN-ODIGCXYVEaept4AaABAg.9hm0Kcgpnk19hoZghcXi-M
1mGOWxLqcEk,Still if the MÃ»makil come around?,Still if the MÃ»makil come around?,Lord Gracos,https://yt3.ggpht.com/ytc/AL5GRJXoekBGr4iUzvFNxTA5mS7pxsiyLwZ2x0Cq8ZwFNA=s48-c-k-c0x00ffffff-no-rj,http://www.youtube.com/channel/UCYq_nyFTCZd9CWcP_-9Z0Tg,{'value': 'UCYq_nyFTCZd9CWcP_-9Z0Tg'},True,none,0,2022-10-30T10:09:35Z,2022-10-30T10:09:35Z,UgwwN-ODIGCXYVEaept4AaABAg,UgwwN-ODIGCXYVEaept4AaABAg.9hm0Kcgpnk19hnst9n54_a
1mGOWxLqcEk,Ø¯Ø±Ø¹ØµØ±ØªÚ©Ù†ÙˆÙ„ÙˆÚ˜ÛŒ Ø¨Ø§ÛŒØ¯ Ù…Ù†ØªØ¸Ø±Ù¾Ø§ÛŒØ§Ù† Ø§ÛŒÙ† Ø¹ØµØ±Ø¨Ø§Ø´Ù… ÛŒØ¹Ù†ÛŒ Ù‡Ù…ÛŒÙ† Ø¹ØµØ± Ú©Ù†ÙˆÙ†ÛŒ.Ú©Ù‡ Ø¯Ø± Ø¢Ø®Ø± Ø¨Ø§ÛŒÚ© Ø§Ù†ÙØ¬Ø§Ø± ØªØ´Ø´Ø¹ Ø®ÙˆØ±Ø´ÛŒØ¯ÛŒ Ù‡Ù…Ù‡ Ú†ÛŒØ² ØªØ¨Ø¯ÛŒÙ„ Ø®ÙˆØ§Ù‡Ø¯ Ø´Ø¯.Ùˆ ÙˆØ§Ø±Ø¯ Ø¬Ù‡Ø§Ù† Ø¢Ø±Ø¯Ø§ Ø®ÙˆØ§Ù‡ÛŒÙ… Ø´Ø¯.Ø§Ú¯Ø± Ø§Ø·Ù„Ø§Ø¹Ø§ØªÛŒ Ø¯Ø±Ù…ÙˆØ±Ø¯Ù¾Ø§ÛŒØ§Ù† Ø§ÛŒÙ† Ø¹ØµØ± Ù…ÛŒØ®ÙˆØ§Ù‡ÛŒØ¯ Ø¨Ø§ÛŒØ¯ Ú¯ÛŒÙ… Ø¯Ø§Ø±Ú©Ø³Ø§ÛŒØ¯Ø±Ø² Ø±Ø§ Ø¨Ø¨ÛŒÙ†ÛŒÙ…,Ø¯Ø±Ø¹ØµØ±ØªÚ©Ù†ÙˆÙ„ÙˆÚ˜ÛŒ Ø¨Ø§ÛŒØ¯ Ù…Ù†ØªØ¸Ø±Ù¾Ø§ÛŒØ§Ù† Ø§ÛŒÙ† Ø¹ØµØ±Ø¨Ø§Ø´Ù… ÛŒØ¹Ù†ÛŒ Ù‡Ù…ÛŒÙ† Ø¹ØµØ± Ú©Ù†ÙˆÙ†ÛŒ.Ú©Ù‡ Ø¯Ø± Ø¢Ø®Ø± Ø¨Ø§ÛŒÚ© Ø§Ù†ÙØ¬Ø§Ø± ØªØ´Ø´Ø¹ Ø®ÙˆØ±Ø´ÛŒØ¯ÛŒ Ù‡Ù…Ù‡ Ú†ÛŒØ² ØªØ¨Ø¯ÛŒÙ„ Ø®ÙˆØ§Ù‡Ø¯ Ø´Ø¯.Ùˆ ÙˆØ§Ø±Ø¯ Ø¬Ù‡Ø§Ù† Ø¢Ø±Ø¯Ø§ Ø®ÙˆØ§Ù‡ÛŒÙ… Ø´Ø¯.Ø§Ú¯Ø± Ø§Ø·Ù„Ø§Ø¹Ø§ØªÛŒ Ø¯Ø±Ù…ÙˆØ±Ø¯Ù¾Ø§ÛŒØ§Ù† Ø§ÛŒÙ† Ø¹ØµØ± Ù…ÛŒØ®ÙˆØ§Ù‡ÛŒØ¯ Ø¨Ø§ÛŒØ¯ Ú¯ÛŒÙ… Ø¯Ø§Ø±Ú©Ø³Ø§ÛŒØ¯Ø±Ø² Ø±Ø§ Ø¨Ø¨ÛŒÙ†ÛŒÙ…,MohammadRafiq Toofan,https://yt3.ggpht.com/7B0Je8RnOLeaeDXfl49pm5NRLWsalRQz1myFf9ad6M4ScKDvxbHiljidOi1wVGZKbW3CpNTEJxU=s48-c-k-c0x00ffffff-no-rj,http://www.youtube.com/channel/UCL3fRKHmDxgLpdFZdsclj_w,{'value': 'UCL3fRKHmDxgLpdFZdsclj_w'},True,none,0,2022-10-27T10:13:54Z,2022-10-27T10:13:54Z,,UgxXhRylcNJ6CR0MqqR4AaABAg
1mGOWxLqcEk,@Vic in the books the army of the dead were ghosts they couldnâ€™t even touch anything. They were basically a big scare tactic,@Vic in the books the army of the dead were ghosts they couldnâ€™t even touch anything. They were basically a big scare tactic,Rannoc,https://yt3.ggpht.com/59qL5a8eSR8d6dSt2rrHc4-eRXVQ_gY_sV1M0ff82QGpT_Jt4BFBs8oWrd-EPQbHstItohGcjA=s48-c-k-c0x00ffffff-no-rj,http://www.youtube.com/channel/UCICvTJA17Ix3f0gEEMfQZZw,{'value': 'UCICvTJA17Ix3f0gEEMfQZZw'},True,none,0,2023-03-02T06:05:07Z,2023-03-02T06:05:07Z,UgzmdoweR-15dXFhlmh4AaABAg,UgzmdoweR-15dXFhlmh4AaABAg.9hKxkrVZNwc9mk9gIGRdMb
1mGOWxLqcEk,Without army of the dead they all would have died,Without army of the dead they all would have died,Vic,https://yt3.ggpht.com/ytc/AL5GRJVEJsgKiVPR9VM-gKqFORFC6CWatQFzJbdFnHkA=s48-c-k-c0x00ffffff-no-rj,http://www.youtube.com/channel/UCGS4qMqJddWp4aqsyHNKuhQ,{'value': 'UCGS4qMqJddWp4aqsyHNKuhQ'},True,none,0,2023-03-02T05:58:40Z,2023-03-02T05:58:40Z,UgzmdoweR-15dXFhlmh4AaABAg,UgzmdoweR-15dXFhlmh4AaABAg.9hKxkrVZNwc9mk8x3xUuV0
1mGOWxLqcEk,"I think it symbolises how regardless middle earth only survived because of a unity of peoples working to fight the darkness. Similarly Britain is the only reason the world isnâ€™t under nazi control, for the empire stood together one last time to ward off the evils of hitler, Stalin and fascism.","I think it symbolises how regardless middle earth only survived because of a unity of peoples working to fight the darkness. Similarly Britain is the only reason the world isnâ€™t under nazi control, for the empire stood together one last time to ward off the evils of hitler, Stalin and fascism.",Rannoc,https://yt3.ggpht.com/59qL5a8eSR8d6dSt2rrHc4-eRXVQ_gY_sV1M0ff82QGpT_Jt4BFBs8oWrd-EPQbHstItohGcjA=s48-c-k-c0x00ffffff-no-rj,http://www.youtube.com/channel/UCICvTJA17Ix3f0gEEMfQZZw,{'value': 'UCICvTJA17Ix3f0gEEMfQZZw'},True,none,0,2023-02-27T09:40:37Z,2023-02-27T09:40:37Z,UgzmdoweR-15dXFhlmh4AaABAg,UgzmdoweR-15dXFhlmh4AaABAg.9hKxkrVZNwc9mcoxzNZs74
1mGOWxLqcEk,They were the boys who put it up to them,They were the boys who put it up to them,Mr Coconut,https://yt3.ggpht.com/ytc/AL5GRJWXvZ1WKLjcrzyIoFQYlu44Tvmp4P7U_YU-F1qPWMX1ZwRxOMFReeDMRwoBP6N7=s48-c-k-c0x00ffffff-no-rj,http://www.youtube.com/channel/UCNwrM6j1EAhGC8y5-_xTYPQ,{'value': 'UCNwrM6j1EAhGC8y5-_xTYPQ'},True,none,0,2023-02-10T15:09:18Z,2023-02-10T15:09:18Z,UgzmdoweR-15dXFhlmh4AaABAg,UgzmdoweR-15dXFhlmh4AaABAg.9hKxkrVZNwc9lxd3RuxiwD
1mGOWxLqcEk,"Its a nice thought but when the ghosts showed up they saved the day, so a pessimist would say Theoden died for nothing. If only he had waited another 30 minutes to charge.","Its a nice thought but when the ghosts showed up they saved the day, so a pessimist would say Theoden died for nothing. If only he had waited another 30 minutes to charge.",Paul,https://yt3.ggpht.com/ytc/AL5GRJUCsN4AZLP1_76nz-IF3yBaO-wjVKdBQzCPi_DRziM=s48-c-k-c0x00ffffff-no-rj,http://www.youtube.com/channel/UCg2K43fIK-XxIyEJdyFHUIw,{'value': 'UCg2K43fIK-XxIyEJdyFHUIw'},True,none,0,2023-01-31T20:28:42Z,2023-01-31T20:28:42Z,UgzmdoweR-15dXFhlmh4AaABAg,UgzmdoweR-15dXFhlmh4AaABAg.9hKxkrVZNwc9lZSf3yTrEY
